SepalLengthCm,Z_Score
5.1,0.15715
4.9,-0.34573
4.7,-0.84860
4.6,-1.10003
5.0,-0.09429
5.4,0.91146
4.6,-1.10003
5.0,-0.09429
4.4,-1.60291
4.9,-0.34573
5.4,0.91146
4.8,-0.59716
4.8,-0.59716
4.3,-1.85434
5.8,1.91720
5.7,1.66577
5.4,0.91146
5.1,0.15715
5.7,1.66577
5.1,0.15715
5.4,0.91146
5.1,0.15715
4.6,-1.10003
5.1,0.15715
