SepalLengthCm,Decimal_Scaling
5.1,0.51000
4.9,0.49000
4.7,0.47000
4.6,0.46000
5.0,0.50000
5.4,0.54000
4.6,0.46000
5.0,0.50000
4.4,0.44000
4.9,0.49000
5.4,0.54000
4.8,0.48000
4.8,0.48000
4.3,0.43000
5.8,0.58000
5.7,0.57000
5.4,0.54000
5.1,0.51000
5.7,0.57000
5.1,0.51000
5.4,0.54000
5.1,0.51000
4.6,0.46000
5.1,0.51000
